convo_id,msg_count_5min,tokens_5min,avg_tokens_per_msg,model_tier,user_tier,total_cost_usd,msg_count_5min_norm,tokens_5min_norm,avg_tokens_per_msg_norm,model_tier_norm,user_tier_norm
PK001,8,880,110,1,2,0.18,0.3333333333,0.2425653887,0.06829819414,0,0.5
HG002,19,1372,72.21052632,2,3,0.55,0.9444444444,0.4188462917,0.04213058294,0.5,1
YB003,7,2891,413,3,3,1.73,0.2777777778,0.9630956646,0.2781128706,1,1
ZW004,19,2350,123.6842105,2,1,0.94,0.9444444444,0.7692583303,0.07777393079,0.5,0
HB005,9,643,71.44444444,3,2,0.39,0.3888888889,0.157649588,0.04160010367,1,0.5
GK006,19,1248,65.68421053,3,2,0.75,0.9444444444,0.3744177714,0.03761138546,1,0.5
UV007,19,612,32.21052632,1,1,0.12,0.9444444444,0.1465424579,0.01443227582,0,0
YS008,12,2595,216.25,1,2,0.52,0.5555555556,0.8570404873,0.1418718224,0,0.5
OB009,6,2366,394.3333333,3,3,1.42,0.2222222222,0.7749910426,0.2651869939,1,1
DG010,12,1725,143.75,3,3,1.04,0.5555555556,0.5453242565,0.09166864078,1,1
DR011,7,2926,418,2,3,1.17,0.2777777778,0.9756359728,0.281575159,0.5,1
KF012,14,2493,178.0714286,1,1,0.5,0.6666666667,0.8204944464,0.1154347775,0,0
UH013,15,2229,148.6,2,3,0.89,0.7222222222,0.7259046937,0.09502706052,0.5,1
ZJ014,6,1187,197.8333333,3,1,0.71,0.2222222222,0.3525618058,0.1291190602,1,0
BV015,7,2486,355.1428571,2,2,0.99,0.2777777778,0.8179863848,0.2380492478,0.5,0.5
JI016,15,1161,77.4,3,2,0.7,0.7222222222,0.3432461483,0.04572407384,1,0.5
XB017,10,2444,244.4,2,3,0.98,0.4444444444,0.802938015,0.1613645061,0.5,1
QN018,6,1259,209.8333333,1,2,0.25,0.2222222222,0.3783590111,0.1374285523,0,0.5
MW019,5,2679,535.8,2,2,1.07,0.1666666667,0.8871372268,0.3631466735,0.5,0.5
DB020,19,505,26.57894737,2,1,0.2,0.9444444444,0.1082049445,0.01053264574,0.5,0
IB021,10,2832,283.2,3,1,1.7,0.4444444444,0.9419562881,0.188231864,1,0
NI022,7,1838,262.5714286,2,1,0.74,0.2777777778,0.5858115371,0.1739474513,0.5,0
UO023,3,396,132,2,1,0.16,0.05555555556,0.06915084199,0.08353226306,0.5,0
AO024,19,985,51.84210526,1,3,0.2,0.9444444444,0.2801863131,0.02802631339,0,1
EK025,12,1719,143.25,2,1,0.69,0.5555555556,0.5431744894,0.09132241194,0.5,0
VN026,12,2824,235.3333333,2,1,1.13,0.5555555556,0.9390899319,0.1550862231,0.5,0
NN027,18,1475,81.94444444,3,1,0.89,0.8888888889,0.455750627,0.04887090929,1,0
FC028,7,551,78.71428571,2,3,0.22,0.2777777778,0.1246864923,0.04663416107,0.5,1
BD029,11,1440,130.9090909,1,3,0.29,0.5,0.4432103189,0.08277685468,0,1
ML030,10,1302,130.2,2,3,0.52,0.4444444444,0.3937656754,0.08228583924,0.5,1
UI031,14,839,59.92857143,2,2,0.34,0.6666666667,0.2278753135,0.03362584898,0.5,0.5
OL032,11,1013,92.09090909,3,2,0.61,0.5,0.2902185597,0.05589690664,1,0.5
WE033,4,2923,730.75,2,1,1.17,0.1111111111,0.9745610892,0.4981412978,0.5,0
LI034,10,2942,294.2,2,3,1.18,0.4444444444,0.9813686851,0.1958488984,0.5,1
SI035,17,1900,111.7647059,2,3,0.76,0.8333333333,0.6080257972,0.06952017828,0.5,1
FN036,3,1267,422.3333333,3,3,0.76,0.05555555556,0.3812253673,0.2845758089,1,1
GM037,7,1570,224.2857143,2,3,0.63,0.2777777778,0.4897886062,0.1474362145,0.5,1
FL038,18,1335,74.16666667,3,1,0.8,0.8888888889,0.4055893945,0.04348512735,1,0
DX039,15,1815,121,1,1,0.36,0.7222222222,0.5775707632,0.0759152286,0,0
BO040,15,584,38.93333333,1,1,0.12,0.7222222222,0.1365102114,0.01908753515,0,0
VU041,20,1354,67.7,3,3,0.81,1,0.4123969903,0.03900723436,1,1
EB042,17,1580,92.94117647,3,2,0.95,0.8333333333,0.4933715514,0.05648568081,1,0.5
SS043,2,2127,1063.5,1,3,0.43,0,0.6893586528,0.7285565902,0,1
TO044,19,2120,111.5789474,2,3,0.85,0.9444444444,0.6868505912,0.06939154837,0.5,1
VT045,10,1002,100.2,1,3,0.2,0.4444444444,0.28627732,0.0615121089,0,1
ZV046,20,1531,76.55,2,3,0.61,1,0.47581512,0.04513548481,0.5,1
CS047,10,2700,270,1,2,0.54,0.4444444444,0.8946614117,0.1790914226,0,0.5
XD048,16,339,21.1875,3,1,0.2,0.7777777778,0.04872805446,0.006799296609,1,0
KO049,3,1991,663.6666667,1,1,0.4,0.05555555556,0.6406305984,0.4516889286,0,0
JZ050,6,525,87.5,3,3,0.32,0.2222222222,0.1153708348,0.05271789639,1,1
EN051,18,1386,77,2,3,0.55,0.8888888889,0.4238624149,0.04544709077,0.5,1
EX052,11,1196,108.7272727,1,2,0.24,0.5,0.3557864565,0.06741688437,0,0.5
MS053,17,1425,83.82352941,2,2,0.57,0.8333333333,0.4378359011,0.0501720961,0.5,0.5
OR054,2,1454,727,1,2,0.29,0,0.4482264421,0.4955445815,0,0.5
MM055,15,238,15.86666667,1,2,0.05,0.7222222222,0.01254030813,0.003114844713,0,0.5
WJ056,18,2802,155.6666667,3,3,1.68,0.8888888889,0.9312074525,0.09992042811,1,1
HT057,20,2302,115.1,1,3,0.46,1,0.7520601935,0.0718297283,0,1
UA058,19,2631,138.4736842,2,1,1.05,0.9444444444,0.8699390899,0.0880150154,0.5,0
XY059,6,1124,187.3333333,3,1,0.67,0.2222222222,0.3299892512,0.1218482546,1,0
YJ060,20,2459,122.95,1,2,0.49,1,0.8083124328,0.07726552107,0,0.5
HB061,15,2548,169.8666667,2,2,1.02,0.7222222222,0.8402006449,0.1097533271,0.5,0.5
FA062,7,938,134,1,3,0.19,0.2777777778,0.2633464708,0.08491717842,0,1
UA063,5,1211,242.2,2,1,0.48,0.1666666667,0.3611608742,0.1598410992,0.5,0
PX064,11,2992,272,3,3,1.8,0.5,0.999283411,0.180476338,1,1
DM065,3,880,293.3333333,1,3,0.18,0.05555555556,0.2425653887,0.1952487685,0,1
BF066,20,2489,124.45,3,2,1.49,1,0.8190612684,0.07830420759,1,0.5
AV067,16,1983,123.9375,3,3,1.19,0.7777777778,0.6377642422,0.07794932303,1,1
FB068,18,807,44.83333333,1,3,0.16,0.8888888889,0.2164098889,0.02317303546,0,1
OW069,19,1955,102.8947368,1,1,0.39,0.9444444444,0.6277319957,0.06337810011,0,0
MT070,2,649,324.5,3,3,0.39,0,0.1597993551,0.2168303661,1,1
WB071,18,1823,101.2777778,3,2,1.09,0.8888888889,0.5804371193,0.0622584244,1,0.5
QU072,7,2192,313.1428571,1,1,0.44,0.2777777778,0.7126477965,0.2089660253,0,0
VK073,17,318,18.70588235,2,3,0.13,0.8333333333,0.04120386958,0.005080881415,0.5,1
UG074,6,1794,299,3,2,1.08,0.2222222222,0.5700465783,0.1991726953,1,0.5
ZT075,11,2994,272.1818182,3,3,1.8,0.5,1,0.1806022394,1,1
UK076,3,780,260,1,2,0.16,0.05555555556,0.2067359369,0.1721668459,0,0.5
ON077,3,283,94.33333333,2,3,0.11,0.05555555556,0.02866356145,0.05744969052,0.5,1
GO078,15,2945,196.3333333,2,2,1.18,0.7222222222,0.9824435686,0.1280803737,0.5,0.5
ZM079,19,2169,114.1578947,1,2,0.43,0.9444444444,0.7044070226,0.07117736028,0,0.5
JL080,14,219,15.64285714,2,2,0.09,0.6666666667,0.00573271229,0.00295986609,0.5,0.5
PP081,18,1451,80.61111111,3,1,0.87,0.8888888889,0.4471515586,0.04794763238,1,0
QQ082,16,2163,135.1875,2,1,0.87,0.7777777778,0.7022572555,0.08573947191,0.5,0
NA083,15,1667,111.1333333,3,1,1,0.7222222222,0.5245431745,0.06908297951,1,0
VB084,6,2228,371.3333333,1,1,0.45,0.2222222222,0.7255463991,0.2492604673,0,0
DF085,12,793,66.08333333,2,1,0.32,0.5555555556,0.2113937657,0.03788776111,0.5,0
MV086,20,2510,125.5,1,3,0.5,1,0.8265854532,0.07903128815,0,1
YS087,4,1609,402.25,2,1,0.64,0.1111111111,0.5037620924,0.2706689506,0.5,0
OC088,10,714,71.4,2,2,0.29,0.4444444444,0.1830884987,0.04156932777,0.5,0.5
SO089,4,792,198,1,2,0.16,0.1111111111,0.2110354712,0.1292344698,0,0.5
DY090,15,1659,110.6,3,3,1,0.7222222222,0.5216768183,0.06871366875,1,1
FU091,5,2803,560.6,3,1,1.68,0.1666666667,0.931565747,0.3803196239,1,0
OC092,6,1802,300.3333333,1,1,0.36,0.2222222222,0.5729129344,0.2000959722,0,0
OF093,2,1494,747,2,2,0.6,0,0.4625582229,0.5093937351,0.5,0.5
NX094,14,1815,129.6428571,3,3,1.09,0.6666666667,0.5775707632,0.08190004139,1,1
IB095,12,2825,235.4166667,3,2,1.7,0.5555555556,0.9394482264,0.1551439279,1,0.5
FE096,2,208,104,3,1,0.12,0,0.00179147259,0.06414344807,1,0
AU097,11,882,80.18181818,1,3,0.18,0.5,0.2432819778,0.0476503652,0,1
EU098,3,2395,798.3333333,2,2,0.96,0.05555555556,0.7853815837,0.5449398959,0.5,0.5
FV099,7,2492,356,3,2,1.5,0.2777777778,0.8201361519,0.238642783,1,0.5
PU100,6,993,165.5,3,3,0.6,0.2222222222,0.2830526693,0.1067295953,1,1
BL101,2,1125,562.5,1,2,0.23,0,0.3303475457,0.3816352935,0,0.5
VI102,3,280,93.33333333,3,2,0.17,0.05555555556,0.02758867789,0.05675723284,1,0.5
NQ103,14,2578,184.1428571,1,1,0.52,0.6666666667,0.8509494805,0.1196389848,0,0
WJ104,3,2490,830,3,3,1.49,0.05555555556,0.8194195629,0.5668677224,1,1
BL105,20,1979,98.95,2,1,0.79,1,0.6363310641,0.0606465368,0.5,0
NS106,6,863,143.8333333,2,2,0.35,0.2222222222,0.2364743819,0.09172634558,0.5,0.5
JO107,6,1328,221.3333333,3,3,0.8,0.2222222222,0.4030813329,0.1453918156,1,1
OX108,13,947,72.84615385,3,3,0.57,0.6111111111,0.2665711215,0.0425707281,1,1
MT109,10,1734,173.4,2,1,0.69,0.4444444444,0.5485489072,0.1122000109,0.5,0
HH110,5,1966,393.2,3,2,1.18,0.1666666667,0.6316732354,0.2644022086,1,0.5
QC111,5,1147,229.4,3,2,0.69,0.1666666667,0.3382300251,0.1509776409,1,0.5
ON112,17,2409,141.7058824,2,2,0.96,0.8333333333,0.7903977069,0.09025317582,0.5,0.5
DP113,8,203,25.375,1,3,0.04,0.3333333333,0,0.009698963136,0,1
TC114,13,571,43.92307692,1,3,0.11,0.6111111111,0.1318523827,0.02254272141,0,1
XU115,20,726,36.3,2,3,0.29,1,0.187388033,0.01726406327,0.5,1
LL116,7,1405,200.7142857,3,3,0.84,0.2777777778,0.4306700107,0.1311139978,1,1
YS117,3,2548,849.3333333,2,1,1.02,0.05555555556,0.8402006449,0.5802552375,0.5,0
DG118,18,506,28.11111111,3,1,0.3,0.8888888889,0.108563239,0.01159360428,1,0
HW119,7,1470,210,3,3,0.88,0.2777777778,0.4539591544,0.137543962,1,1
GF120,9,1658,184.2222222,2,1,0.66,0.3888888889,0.5213185238,0.1196939418,0.5,0
UM121,19,1179,62.05263158,2,3,0.47,0.9444444444,0.3496954497,0.03509667074,0.5,1
LS122,14,426,30.42857143,1,3,0.09,0.6666666667,0.07989967753,0.01319834747,0,1
ZI123,15,1330,88.66666667,3,3,0.8,0.7222222222,0.4037979219,0.05352576368,1,1
UZ124,7,2196,313.7142857,2,1,0.88,0.2777777778,0.7140809746,0.2093617154,0.5,0
IB125,13,2906,223.5384615,1,3,0.58,0.6111111111,0.9684700824,0.1469187736,0,1
FI126,18,1489,82.72222222,2,3,0.6,0.8888888889,0.4607667503,0.04940948748,0.5,1
WI127,11,549,49.90909091,3,1,0.33,0.5,0.1239699033,0.02668778276,1,0
MB128,9,2067,229.6666667,2,3,0.83,0.3888888889,0.6678609817,0.1511622963,0.5,1
JJ129,11,2869,260.8181818,1,2,0.57,0.5,0.9552131852,0.1727334021,0,0.5
QI130,2,2632,1316,2,2,1.05,0,0.8702973845,0.9034021539,0.5,0.5
EB131,12,823,68.58333333,2,2,0.33,0.5555555556,0.2221426012,0.03961890531,0.5,0.5
WN132,7,824,117.7142857,2,1,0.33,0.2777777778,0.2225008957,0.07364001052,0.5,0
XP133,18,1916,106.4444444,2,3,0.77,0.8888888889,0.6137585095,0.0658361224,0.5,1
AN134,13,395,30.38461538,2,2,0.16,0.6111111111,0.06879254747,0.01316790977,0.5,0.5
QI135,3,1568,522.6666667,3,2,0.94,0.05555555556,0.4890720172,0.354052396,1,0.5
BW136,6,1133,188.8333333,1,1,0.23,0.2222222222,0.3332139018,0.1228869411,0,0
YM137,2,2851,1425.5,2,3,1.14,0,0.9487638839,0.9792262697,0.5,1
LE138,12,573,47.75,3,2,0.34,0.5555555556,0.1325689717,0.02519270368,1,0.5
WE139,3,342,114,2,3,0.14,0.05555555556,0.04980293802,0.07106802486,0.5,1
YL140,13,2782,214,2,2,1.11,0.6111111111,0.9240415622,0.1403137927,0.5,0.5
TR141,14,2827,201.9285714,1,3,0.57,0.6666666667,0.9401648155,0.1319548393,0,1
DH142,2,2911,1455.5,1,2,0.58,0,0.970261555,1,0,0.5
CX143,5,268,53.6,2,1,0.11,0.1666666667,0.02328914368,0.0292435811,0.5,0
SL144,17,1154,67.88235294,2,1,0.46,0.8333333333,0.3407380867,0.03913350605,0.5,0
GL145,4,1952,488,3,1,1.17,0.1111111111,0.6266571121,0.3300471965,1,0
MG146,15,234,15.6,1,1,0.05,0.7222222222,0.01110713006,0.002930189333,0,0
DY147,20,1379,68.95,2,1,0.55,1,0.4213543533,0.03987280646,0.5,0
BV148,7,323,46.14285714,1,1,0.06,0.2777777778,0.04299534217,0.02407982527,0,0
KI149,8,2771,346.375,2,3,1.11,0.3333333333,0.9201003225,0.2319778778,0.5,1
CU150,17,1512,88.94117647,1,3,0.3,0.8333333333,0.4690075242,0.0537158501,0,1
GD151,12,631,52.58333333,2,2,0.25,0.5555555556,0.1533500537,0.02853958246,0.5,0.5
IF152,4,2057,514.25,3,2,1.23,0.1111111111,0.6642780365,0.3482242105,1,0.5
CY153,10,2051,205.1,2,2,0.82,0.4444444444,0.6621282694,0.1341509193,0.5,0.5
QI154,16,618,38.625,1,2,0.12,0.7777777778,0.148692225,0.01887402737,0,0.5
AH155,7,975,139.2857143,2,1,0.39,0.2777777778,0.276603368,0.08857731186,0.5,0
AI156,14,2142,153,3,1,1.29,0.6666666667,0.6947330706,0.0980738743,1,0
BZ157,9,2472,274.6666667,1,3,0.49,0.3888888889,0.8129702616,0.1823228918,0,1
EA158,13,2162,166.3076923,3,3,1.3,0.6111111111,0.7018989609,0.107288888,1,1
AC159,6,818,136.3333333,3,3,0.49,0.2222222222,0.2203511286,0.086532913,1,1
BR160,6,1899,316.5,3,3,1.14,0.2222222222,0.6076675027,0.2112907047,1,1
XQ161,18,2192,121.7777778,2,3,0.88,0.8888888889,0.7126477965,0.0764538068,0.5,1
FI162,8,2120,265,3,3,1.27,0.3333333333,0.6868505912,0.1756291342,1,1
CD163,10,2119,211.9,2,2,0.85,0.4444444444,0.6864922967,0.1388596315,0.5,0.5
FE164,8,1079,134.875,3,2,0.65,0.3333333333,0.3138659979,0.08552307889,1,0.5
LL165,8,1162,145.25,2,1,0.46,0.3333333333,0.3436044429,0.0927073273,0.5,0
ED166,18,2386,132.5555556,2,2,0.95,0.8888888889,0.782156933,0.08391696177,0.5,0.5
DG167,10,206,20.6,1,3,0.04,0.4444444444,0.001074883554,0.006392477723,0,1
PJ168,20,1750,87.5,3,1,1.05,1,0.5542816195,0.05271789639,1,0
IP169,19,621,32.68421053,1,2,0.12,0.9444444444,0.1497671086,0.01476028209,0,0.5
LB170,15,531,35.4,2,1,0.21,0.7222222222,0.1175206019,0.01664085136,0.5,0
LW171,17,920,54.11764706,1,1,0.18,0.8333333333,0.2568971695,0.02960202978,0,0
NI172,20,2909,145.45,1,1,0.58,1,0.969544966,0.09284581883,0,0
RZ173,18,1516,84.22222222,3,2,0.91,0.8888888889,0.4704407023,0.050448174,1,0.5
DZ174,10,1984,198.4,1,2,0.4,0.4444444444,0.6381225367,0.1295114529,0,0.5
LT175,7,693,99,3,3,0.42,0.2777777778,0.1755643139,0.06068115968,1,1
VW176,8,1108,138.5,1,2,0.22,0.3333333333,0.3242565389,0.08803323797,0,0.5
GW177,5,2671,534.2,1,1,0.53,0.1666666667,0.8842708707,0.3620387412,0,0
WC178,17,624,36.70588235,2,1,0.25,0.8333333333,0.1508419921,0.01754511962,0.5,0
YR179,3,2487,829,1,2,0.5,0.05555555556,0.8183446793,0.5661752647,0,0.5
NQ180,19,1920,101.0526316,3,2,1.15,0.9444444444,0.6151916876,0.06210252018,1,0.5
EM181,16,2448,153,2,3,0.98,0.7777777778,0.8043711931,0.0980738743,0.5,1
QN182,11,2253,204.8181818,2,3,0.9,0.5,0.7345037621,0.1339557722,0.5,1
VF183,15,1282,85.46666667,1,3,0.26,0.7222222222,0.386599785,0.05130989911,0,1
HJ184,14,1566,111.8571429,1,2,0.31,0.6666666667,0.4883554282,0.06958418697,0,0.5
ZK185,3,1511,503.6666667,2,3,0.6,0.05555555556,0.4686492297,0.3408957001,0.5,1
RL186,8,2773,346.625,3,1,1.66,0.3333333333,0.9208169115,0.2321509922,1,0
VU187,13,477,36.69230769,3,1,0.29,0.6111111111,0.09817269796,0.01753571974,1,0
NP188,11,2557,232.4545455,3,1,1.53,0.5,0.8434252956,0.1530927844,1,0
PI189,17,353,20.76470588,1,2,0.07,0.8333333333,0.05374417771,0.006506529576,0,0.5
DQ190,10,750,75,3,1,0.45,0.4444444444,0.1959871014,0.04406217541,1,0
CJ191,6,2538,423,3,1,1.52,0.2222222222,0.8366176997,0.2850374474,1,0
EA192,10,693,69.3,3,1,0.42,0.4444444444,0.1755643139,0.04011516665,1,0
SH193,3,316,105.3333333,1,2,0.06,0.05555555556,0.04048728054,0.06506672498,0,0.5
QH194,11,785,71.36363636,2,3,0.31,0.5,0.2085274095,0.04154414749,0.5,1
QU195,9,1650,183.3333333,3,2,0.99,0.3888888889,0.5184521677,0.1190784239,1,0.5
RU196,2,2219,1109.5,3,2,1.33,0,0.7223217485,0.7604096434,1,0.5
LA197,17,483,28.41176471,2,1,0.19,0.8333333333,0.1003224651,0.01180179417,0.5,0
KZ198,18,511,28.38888889,1,1,0.1,0.8888888889,0.1103547116,0.01178595364,0,0
YH199,12,1718,143.1666667,3,1,1.03,0.5555555556,0.5428161949,0.09126470713,1,0
CD200,17,833,49,3,1,0.5,0.8333333333,0.2257255464,0.02605827578,1,0
DN201,16,2224,139,1,3,0.44,0.7777777778,0.7241132211,0.08837946681,0,1
XD202,15,1801,120.0666667,3,1,1.08,0.7222222222,0.5725546399,0.07526893477,1,0
RU203,13,986,75.84615385,2,3,0.39,0.6111111111,0.2805446077,0.04464810114,0.5,1
QP204,9,2294,254.8888889,2,1,0.92,0.3888888889,0.7491938373,0.1686276177,0.5,0
GF205,9,1600,177.7777778,2,2,0.64,0.3888888889,0.5005374418,0.1152314368,0.5,0.5
FW206,10,2911,291.1,2,1,1.16,0.4444444444,0.970261555,0.1937022796,0.5,0
YI207,6,2173,362.1666667,3,3,1.3,0.2222222222,0.7058402006,0.2429129386,1,1
OB208,3,2194,731.3333333,3,1,1.32,0.05555555556,0.7133643855,0.4985452315,1,0
CM209,12,1660,138.3333333,3,1,1,0.5555555556,0.5220351129,0.08791782836,1,0
NO210,7,1410,201.4285714,3,3,0.85,0.2777777778,0.4324614833,0.1316086104,1,1
OJ211,9,1307,145.2222222,2,2,0.52,0.3888888889,0.395557148,0.09268809236,0.5,0.5
MQ212,15,331,22.06666667,3,2,0.2,0.7222222222,0.04586169832,0.007408082317,1,0.5
VC213,11,1803,163.9090909,3,2,1.08,0.5,0.573271229,0.1056279581,1,0.5
RM214,3,1709,569.6666667,3,2,1.03,0.05555555556,0.5395915442,0.3865979068,1,0.5
TS215,2,2424,1212,1,1,0.48,0,0.7957721247,0.8313865554,0,0
WR216,15,711,47.4,1,3,0.14,0.7222222222,0.1820136152,0.0249503435,0,1
ZS217,15,2814,187.6,3,3,1.69,0.7222222222,0.9355069867,0.12203291,1,1
VB218,13,1861,143.1538462,3,1,1.12,0.6111111111,0.594052311,0.09125582947,1,0
IV219,17,1166,68.58823529,2,1,0.47,0.8333333333,0.3450376209,0.03962229971,0.5,0
IM220,19,1002,52.73684211,2,1,0.4,0.9444444444,0.28627732,0.02864588079,0.5,0
QY221,7,1296,185.1428571,1,1,0.26,0.2777777778,0.3916159083,0.1203314425,0,0
VX222,14,2065,147.5,3,2,1.24,0.6666666667,0.6671443927,0.09426535707,1,0.5
JD223,11,1090,99.09090909,1,2,0.22,0.5,0.3178072375,0.06074411038,0,0.5
WC224,11,698,63.45454545,3,1,0.42,0.5,0.1773557865,0.03606743676,1,0
TV225,10,2214,221.4,2,3,0.89,0.4444444444,0.7205302759,0.1454379795,0.5,1
RL226,15,2321,154.7333333,1,1,0.46,0.7222222222,0.7588677893,0.09927413428,0,0
TE227,19,1518,79.89473684,1,3,0.3,0.9444444444,0.4711572913,0.04745157352,0,1
AD228,3,2990,996.6666667,1,3,0.6,0.05555555556,0.9985668219,0.6822773354,0,1
VO229,10,972,97.2,3,1,0.58,0.4444444444,0.2755284844,0.05943473586,1,0
FT230,12,2248,187.3333333,1,3,0.45,0.5555555556,0.7327122895,0.1218482546,0,1
NK231,14,1311,93.64285714,2,3,0.52,0.6666666667,0.396990326,0.05697156498,0.5,1
KN232,9,2529,281,3,2,1.52,0.3888888889,0.8333930491,0.1867084571,1,0.5
RY233,12,1810,150.8333333,1,3,0.36,0.5555555556,0.5757792906,0.09657354933,0,1
EN234,9,2836,315.1111111,1,1,0.57,0.3888888889,0.9433894661,0.2103289579,0,0
CW235,11,1176,106.9090909,3,3,0.71,0.5,0.3486205661,0.06615787041,1,1
NR236,4,826,206.5,3,1,0.5,0.1111111111,0.2232174848,0.1351203601,1,0
QS237,7,1978,282.5714286,3,2,1.19,0.2777777778,0.6359727696,0.1877966049,1,0.5
SH238,15,2452,163.4666667,1,3,0.49,0.7222222222,0.8058043712,0.105321598,0,1
XL239,9,1800,200,3,1,1.08,0.3888888889,0.5721963454,0.1306193852,1,0
GH240,6,1968,328,1,3,0.39,0.2222222222,0.6323898244,0.219253968,0,1
WI241,3,2094,698,2,1,0.84,0.05555555556,0.6775349337,0.4754633089,0.5,0
NF242,4,2773,693.25,3,1,1.66,0.1111111111,0.9208169115,0.4721741349,1,0
AX243,11,2134,194,2,3,0.85,0.5,0.6918667144,0.1264646391,0.5,1
MU244,4,2239,559.75,3,3,1.34,0.1111111111,0.7294876388,0.3797310349,1,1
HA245,16,942,58.875,1,3,0.19,0.7777777778,0.2647796489,0.03289629535,0,1
XM246,13,2215,170.3846154,3,3,1.33,0.6111111111,0.7208885704,0.1101119847,1,1
DO247,9,1596,177.3333333,1,1,0.32,0.3888888889,0.4991042637,0.1149236778,0,0
YM248,3,2031,677,1,1,0.41,0.05555555556,0.6549623791,0.4609216976,0,0
KH249,5,1079,215.8,1,1,0.22,0.1666666667,0.3138659979,0.1415602165,0,0
PG250,5,378,75.6,2,2,0.15,0.1666666667,0.06270154067,0.04447765002,0.5,0.5
HO251,15,1776,118.4,3,2,1.07,0.7222222222,0.563597277,0.07411483864,1,0.5
JN252,11,612,55.63636364,1,2,0.12,0.5,0.1465424579,0.03065367673,0,0.5
MI253,12,1445,120.4166667,1,1,0.29,0.5555555556,0.4450017915,0.07551129496,0,0
YG254,15,1872,124.8,2,3,0.75,0.7222222222,0.5979935507,0.07854656778,0.5,1
YR255,2,1444,722,2,3,0.58,0,0.444643497,0.4920822931,0.5,1
VK256,13,2547,195.9230769,2,1,1.02,0.6111111111,0.8398423504,0.1277962885,0.5,0
JP257,2,470,235,2,2,0.19,0,0.09566463633,0.1548554039,0.5,0.5
YP258,10,844,84.4,1,1,0.17,0.4444444444,0.2296667861,0.05057127758,0,0
FB259,12,2846,237.1666667,1,1,0.57,0.5555555556,0.9469724113,0.1563557289,0,0
ZP260,14,2526,180.4285714,1,1,0.51,0.6666666667,0.8323181655,0.1170669992,0,0
DT261,20,1380,69,3,1,0.83,1,0.4217126478,0.03990742934,1,0
IU262,5,1736,347.2,1,2,0.35,0.1666666667,0.5492654962,0.2325491554,0,0.5
IX263,2,2267,1133.5,3,1,1.36,0,0.7395198853,0.7770286277,1,0
MP264,10,523,52.3,1,3,0.1,0.4444444444,0.1146542458,0.02834338612,0,1
LX265,10,1426,142.6,2,2,0.57,0.4444444444,0.4381941956,0.09087231445,0.5,0.5
DE266,5,1714,342.8,2,1,0.69,0.1666666667,0.5413830168,0.2295023416,0.5,0
AL267,13,2805,215.7692308,3,3,1.68,0.6111111111,0.9322823361,0.1415389101,1,1
HJ268,17,991,58.29411765,1,3,0.2,0.8333333333,0.2823360803,0.03249405891,0,1
TJ269,16,613,38.3125,1,1,0.12,0.7777777778,0.1469007524,0.01865763435,0,0
MF270,17,1825,107.3529412,1,2,0.37,0.8333333333,0.5811537083,0.06646521794,0,0.5
AJ271,9,1867,207.4444444,3,3,1.12,0.3888888889,0.5962020781,0.1357743479,1,1
AA272,18,1489,82.72222222,2,3,0.6,0.8888888889,0.4607667503,0.04940948748,0.5,1
KZ273,20,1066,53.3,3,3,0.64,1,0.3092081691,0.0290358438,1,1
MC274,10,806,80.6,2,1,0.32,0.4444444444,0.2160515944,0.04793993841,0.5,0
AD275,13,440,33.84615385,2,1,0.18,0.6111111111,0.08491580079,0.01556487866,0.5,0
VC276,3,1330,443.3333333,3,2,0.8,0.05555555556,0.4037979219,0.2991174202,1,0.5
ID277,12,1186,98.83333333,1,3,0.24,0.5555555556,0.3522035113,0.06056575007,0,1
UW278,14,2853,203.7857143,2,1,1.14,0.6666666667,0.9494804729,0.1332408321,0.5,0
TA279,6,2914,485.6666667,2,3,1.17,0.2222222222,0.9713364386,0.3284314619,0.5,1
RI280,7,711,101.5714286,1,3,0.14,0.2777777778,0.1820136152,0.06246176514,0,1
YN281,3,1523,507.6666667,3,3,0.91,0.05555555556,0.4729487639,0.3436655308,1,1
SY282,3,2519,839.6666667,3,2,1.51,0.05555555556,0.8298101039,0.5735614799,1,0.5
UL283,14,2367,169.0714286,1,1,0.47,0.6666666667,0.7753493372,0.1092026584,0,0
JX284,11,2919,265.3636364,1,3,0.58,0.5,0.9731279111,0.175880937,0,1
JV285,11,1050,95.45454545,2,1,0.42,0.5,0.3034754568,0.05822608246,0.5,0
IO286,20,1474,73.7,1,3,0.29,1,0.4553923325,0.04316198043,0,1
AS287,4,1154,288.5,3,1,0.69,0.1111111111,0.3407380867,0.1919018897,1,0
PV288,14,265,18.92857143,3,3,0.16,0.6666666667,0.02221426012,0.005235084175,1,1
XD289,19,2078,109.3684211,2,2,0.83,0.9444444444,0.6718022214,0.06786085245,0.5,0.5
GZ290,12,1857,154.75,2,3,0.74,0.5555555556,0.5926191329,0.09928567524,0.5,1
XG291,19,1469,77.31578947,1,2,0.29,0.9444444444,0.4536008599,0.04566576161,0,0.5
BX292,15,352,23.46666667,2,3,0.14,0.7222222222,0.0533858832,0.008377523067,0.5,1
AC293,6,2604,434,1,1,0.52,0.2222222222,0.8602651379,0.2926544818,0,0
RX294,9,1524,169.3333333,3,3,0.91,0.3888888889,0.4733070584,0.1093840164,1,1
MT295,15,1915,127.6666667,2,1,0.77,0.7222222222,0.613400215,0.08053161312,0.5,0
RB296,4,2641,660.25,2,1,1.06,0.1111111111,0.8735220351,0.4493230315,0.5,0
MX297,18,1588,88.22222222,1,1,0.32,0.8888888889,0.4962379076,0.05321800471,0,0
SZ298,2,1870,935,1,2,0.37,0,0.5972769617,0.6395757786,0,0.5
UH299,11,932,84.72727273,1,3,0.19,0.5,0.2611967037,0.0507979001,0,1
WM300,5,1050,210,1,1,0.21,0.1666666667,0.3034754568,0.137543962,0,0
WN301,5,1999,399.8,1,2,0.4,0.1666666667,0.6434969545,0.2689724293,0,0.5
YW302,7,2032,290.2857143,2,2,0.81,0.2777777778,0.6553206736,0.1931384212,0.5,0.5
XB303,14,1621,115.7857143,2,1,0.65,0.6666666667,0.5080616267,0.07230455642,0.5,0
SH304,18,681,37.83333333,3,2,0.41,0.8888888889,0.1712647796,0.01832583171,1,0.5
QV305,16,2745,171.5625,1,2,0.55,0.7777777778,0.910784665,0.11092762,0,0.5
OK306,19,435,22.89473684,2,3,0.17,0.9444444444,0.0831243282,0.007981485868,0.5,1
FV307,16,1324,82.75,1,1,0.26,0.7777777778,0.4016481548,0.04942872242,0,0
VG308,7,1043,149,3,2,0.63,0.2777777778,0.3009673952,0.09530404359,1,0.5
BV309,16,1506,94.125,1,1,0.3,0.7777777778,0.4668577571,0.0573054285,0,0
RI310,5,1949,389.8,3,1,1.17,0.1666666667,0.6255822286,0.2620478525,1,0
UF311,20,592,29.6,2,1,0.24,1,0.1393765675,0.01262459683,0.5,0
NT312,10,1133,113.3,1,1,0.23,0.4444444444,0.3332139018,0.07058330448,0,0
DY313,13,1981,152.3846154,1,3,0.4,0.6111111111,0.6370476532,0.0976477465,0,1
GU314,13,667,51.30769231,1,1,0.13,0.6111111111,0.1662486564,0.02765625504,0,0
XR315,2,544,272,2,2,0.22,0,0.1221784307,0.180476338,0.5,0.5
BF316,14,1380,98.57142857,2,3,0.55,0.6666666667,0.4217126478,0.06038439211,0.5,1
CC317,7,1086,155.1428571,3,3,0.65,0.2777777778,0.3163740595,0.09955771218,1,1
UZ318,13,575,44.23076923,1,1,0.12,0.6111111111,0.1332855607,0.02275578532,0,0
OZ319,16,2073,129.5625,2,2,0.83,0.7777777778,0.6700107488,0.08184439747,0.5,0.5
KK320,2,2191,1095.5,1,1,0.44,0,0.712289502,0.7507152359,0,0
EQ321,16,2742,171.375,1,3,0.55,0.7777777778,0.9097097814,0.1107977841,0,1
KU322,5,1905,381,2,1,0.76,0.1666666667,0.6098172698,0.2559542249,0.5,0
QS323,10,1132,113.2,1,2,0.23,0.4444444444,0.3328556073,0.07051405871,0,0.5
SX324,15,2687,179.1333333,1,1,0.54,0.7222222222,0.8900035829,0.1161701016,0,0
TA325,12,1675,139.5833333,2,1,0.67,0.5555555556,0.5274095306,0.08878340045,0.5,0
QD326,16,1416,88.5,3,2,0.85,0.7777777778,0.4346112504,0.05341035406,1,0.5
ET327,11,717,65.18181818,3,2,0.43,0.5,0.1841633823,0.03726350003,1,0.5
OY328,9,2928,325.3333333,3,3,1.76,0.3888888889,0.9763525618,0.2174074142,1,1
WJ329,11,954,86.72727273,2,3,0.38,0.5,0.2690791831,0.05218281545,0.5,1
KI330,20,1733,86.65,1,3,0.35,1,0.5481906127,0.05212930736,0,1
MB331,7,537,76.71428571,1,2,0.11,0.2777777778,0.119670369,0.04524924572,0,0.5
FQ332,16,2918,182.375,3,1,1.75,0.7777777778,0.9727696166,0.1184148186,1,0
YI333,5,2919,583.8,1,3,0.58,0.1666666667,0.9731279111,0.396384642,0,1
DT334,8,2674,334.25,2,3,1.07,0.3333333333,0.8853457542,0.2235818285,0.5,1
TL335,17,918,54,2,1,0.37,0.8333333333,0.2561805804,0.02952056417,0.5,0
AV336,20,2802,140.1,1,3,0.56,1,0.9312074525,0.08914117025,0,1
KM337,8,1419,177.375,2,3,0.57,0.3333333333,0.435686134,0.1149525302,0.5,1
NK338,13,1015,78.07692308,1,3,0.2,0.6111111111,0.2909351487,0.04619281442,0,1
VH339,12,2249,187.4166667,1,2,0.45,0.5555555556,0.733070584,0.1219059594,0,0.5
RL340,8,1627,203.375,3,2,0.98,0.3333333333,0.5102113938,0.1329564298,1,0.5
RB341,3,1264,421.3333333,1,1,0.25,0.05555555556,0.3801504837,0.2838833513,0,0
PQ342,11,273,24.81818182,3,1,0.16,0.5,0.02508061627,0.00931339011,1,0
KH343,9,2386,265.1111111,3,1,1.43,0.3888888889,0.782156933,0.175706074,1,0
FZ344,7,508,72.57142857,1,3,0.1,0.2777777778,0.109279828,0.04238049248,0,1
WO345,18,1329,73.83333333,1,1,0.27,0.8888888889,0.4034396274,0.04325430812,0,0
RX346,5,1779,355.8,1,1,0.36,0.1666666667,0.5646721605,0.2385042914,0,0
CK347,18,2374,131.8888889,2,2,0.95,0.8888888889,0.7778573988,0.08345532332,0.5,0.5
AH348,2,812,406,1,2,0.16,0,0.2182013615,0.2732656669,0,0.5
NG349,8,560,70,1,1,0.11,0.3333333333,0.127911143,0.04059988702,0,0
FS350,15,2054,136.9333333,3,3,1.23,0.7222222222,0.663203153,0.08694838761,1,1
UF351,9,351,39,1,2,0.07,0.3888888889,0.05302758868,0.019133699,0,0.5
HF352,19,2188,115.1578947,3,1,1.31,0.9444444444,0.7112146184,0.07186981796,1,0
AY353,14,1072,76.57142857,1,2,0.21,0.6666666667,0.3113579362,0.04515032319,0,0.5
HF354,15,2533,168.8666667,3,3,1.52,0.7222222222,0.8348262272,0.1090608695,1,1
LB355,15,2179,145.2666667,3,3,1.31,0.7222222222,0.7079899678,0.09271886826,1,1
LK356,15,1445,96.33333333,2,2,0.58,0.7222222222,0.4450017915,0.05883460588,0.5,0.5
XL357,16,446,27.875,3,2,0.27,0.7777777778,0.0870655679,0.01143010733,1,0.5
WL358,6,2021,336.8333333,1,2,0.4,0.2222222222,0.6513794339,0.2253706775,0,0.5
GX359,2,847,423.5,3,2,0.51,0,0.2307416697,0.2853836762,1,0.5
BK360,18,2046,113.6666667,3,1,1.23,0.8888888889,0.6603367968,0.07083720563,1,0
LT361,11,2305,209.5454545,2,3,0.92,0.5,0.753135077,0.1372292085,0.5,1
UZ362,6,1856,309.3333333,2,1,0.74,0.2222222222,0.5922608384,0.2063280913,0.5,0
LM363,15,2580,172,1,3,0.52,0.7222222222,0.8516660695,0.1112305702,0,1
CB364,3,1138,379.3333333,3,1,0.68,0.05555555556,0.3350053744,0.2548001288,1,0
KE365,20,1305,65.25,3,2,0.78,1,0.3948405589,0.03731071305,1,0.5
PG366,12,1475,122.9166667,2,1,0.59,0.5555555556,0.455750627,0.07724243915,0.5,0
TR367,12,1785,148.75,2,1,0.71,0.5555555556,0.5668219276,0.09513092917,0.5,0
KR368,4,2800,700,1,3,0.56,0.1111111111,0.9304908635,0.4768482242,0,1
QZ369,11,1649,149.9090909,3,2,0.99,0.5,0.5180938732,0.09593355057,1,0.5
QC370,5,2247,449.4,2,3,0.9,0.1666666667,0.732353995,0.3033183301,0.5,1
FK371,15,1689,112.6,1,2,0.34,0.7222222222,0.5324256539,0.07009858411,0,0.5
LE372,10,1887,188.7,1,1,0.38,0.4444444444,0.6033679685,0.1227946134,0,0
RV373,15,850,56.66666667,2,2,0.34,0.7222222222,0.2318165532,0.03136711798,0.5,0.5
PM374,19,2132,112.2105263,2,1,0.85,0.9444444444,0.6911501254,0.06982889006,0.5,0
AS375,20,506,25.3,1,3,0.1,1,0.108563239,0.00964702881,0,1
WV376,18,1221,67.83333333,1,3,0.24,0.8888888889,0.3647438194,0.03909956205,0,1
YE377,11,214,19.45454545,1,3,0.04,0.5,0.003941239699,0.005599298928,0,1
TP378,12,1265,105.4166667,2,2,0.51,0.5555555556,0.3805087782,0.06512442979,0.5,0.5
VZ379,12,402,33.5,1,2,0.08,0.5555555556,0.0713006091,0.01532518177,0,0.5
VB380,4,1111,277.75,2,2,0.44,0.1111111111,0.3253314224,0.1844579696,0.5,0.5
EG381,3,2925,975,1,1,0.59,0.05555555556,0.9752776783,0.6672740857,0,0
SV382,19,636,33.47368421,2,3,0.25,0.9444444444,0.1551415263,0.0153069592,0.5,1
SO383,9,2351,261.2222222,3,1,1.41,0.3888888889,0.7696166249,0.173013183,1,0
GX384,13,1963,151,1,3,0.39,0.6111111111,0.6305983518,0.09668895894,0,1
UA385,2,2291,1145.5,2,2,0.92,0,0.7481189538,0.7853381198,0.5,0.5
AD386,17,2549,149.9411765,3,1,1.53,0.8333333333,0.8405589394,0.09595576846,1,0
IP387,14,2149,153.5,2,3,0.86,0.6666666667,0.6972411322,0.09842010314,0.5,1
PV388,12,1538,128.1666667,1,3,0.31,0.5555555556,0.4783231817,0.08087784196,0,1
UU389,2,978,489,1,1,0.2,0,0.2776782515,0.3307396541,0,0
LP390,16,592,37,3,3,0.36,0.7777777778,0.1393765675,0.01774878364,1,1
ST391,8,2671,333.875,2,1,1.07,0.3333333333,0.8842708707,0.2233221568,0.5,0
KP392,16,360,22.5,1,3,0.07,0.7777777778,0.05625223934,0.007708147311,0,1
DY393,9,2409,267.6666667,3,3,1.45,0.3888888889,0.7903977069,0.1774756881,1,1
ET394,8,1554,194.25,2,1,0.62,0.3333333333,0.4840558939,0.1266377535,0.5,0
PP395,3,1973,657.6666667,1,2,0.39,0.05555555556,0.634181297,0.4475341825,0,0.5
KL396,13,567,43.61538462,1,1,0.11,0.6111111111,0.1304192046,0.02232965751,0,0
LX397,4,207,51.75,2,3,0.08,0.1111111111,0.001433178072,0.0279625344,0.5,1
QO398,19,2906,152.9473684,2,1,1.16,0.9444444444,0.9684700824,0.09803742916,0.5,0
PK399,9,2265,251.6666667,2,2,0.91,0.3888888889,0.7388032963,0.1663963652,0.5,0.5
GZ400,18,1589,88.27777778,1,3,0.32,0.8888888889,0.4965962021,0.05325647458,0,1
HB401,14,2716,194,2,1,1.09,0.6666666667,0.900394124,0.1264646391,0.5,0
ZE402,4,2385,596.25,3,1,1.43,0.1111111111,0.7817986385,0.4050057401,1,0
GA403,7,2872,410.2857143,1,2,0.57,0.2777777778,0.9562880688,0.2762333426,0,0.5
KC404,8,1643,205.375,2,1,0.66,0.3333333333,0.5159441061,0.1343413452,0.5,0
TI405,19,216,11.36842105,1,2,0.04,0.9444444444,0.004657828735,0,0,0.5
OE406,4,365,91.25,2,1,0.15,0.1111111111,0.05804371193,0.05531461268,0.5,0
DN407,6,2068,344.6666667,2,2,0.83,0.2222222222,0.6682192762,0.2307949293,0.5,0.5
XJ408,14,1465,104.6428571,1,3,0.29,0.6666666667,0.4521676818,0.06458859944,0,1
PO409,2,2477,1238.5,3,3,1.49,0,0.8147617341,0.8497366839,1,1
SF410,18,2377,132.0555556,2,1,0.95,0.8888888889,0.7789322823,0.08357073293,0.5,0
BH411,6,2777,462.8333333,3,3,1.67,0.2222222222,0.9222500896,0.3126203449,1,1
DB412,7,1283,183.2857143,1,1,0.26,0.2777777778,0.3869580795,0.1190454497,0,0
QB413,15,787,52.46666667,1,3,0.16,0.7222222222,0.2092439986,0.02845879573,0,1
LZ414,16,267,16.6875,2,3,0.11,0.7777777778,0.02293084916,0.003683237057,0.5,1
SW415,19,2042,107.4736842,3,3,1.23,0.9444444444,0.6589036188,0.06654882738,1,1
BU416,6,476,79.33333333,1,1,0.1,0.2222222222,0.09781440344,0.04706282535,0,0
YF417,4,227,56.75,2,3,0.09,0.1111111111,0.008599068434,0.03142482279,0.5,1
UW418,4,2181,545.25,2,1,0.87,0.1111111111,0.7087065568,0.3696903985,0.5,0
OT419,11,2670,242.7272727,2,3,1.07,0.5,0.8839125761,0.1602062132,0.5,1
OD420,5,1281,256.2,1,2,0.26,0.1666666667,0.3862414905,0.1695355067,0,0.5
XI421,10,1625,162.5,3,3,0.98,0.4444444444,0.5094948047,0.1046522222,1,1
VZ422,17,1582,93.05882353,2,3,0.63,0.8333333333,0.4940881405,0.05656714642,0.5,1
IM423,11,1926,175.0909091,2,2,0.77,0.5,0.6173414547,0.1133708939,0.5,0.5
HG424,5,2933,586.6,2,2,1.17,0.1666666667,0.9781440344,0.3983235235,0.5,0.5
QK425,15,2205,147,1,1,0.44,0.7222222222,0.7173056252,0.09391912823,0,0
XL426,2,1834,917,3,2,1.1,0,0.584378359,0.6271115404,1,0.5
IE427,8,247,30.875,3,1,0.15,0.3333333333,0.0157649588,0.01350748037,1,0
ZP428,15,1146,76.4,2,3,0.46,0.7222222222,0.3378717306,0.04503161616,0.5,1
RY429,8,1249,156.125,2,1,0.5,0.3333333333,0.3747760659,0.1002378045,0.5,0
FG430,8,2302,287.75,2,3,0.92,0.3333333333,0.7520601935,0.1913825464,0.5,1
EG431,11,2184,198.5454545,2,2,0.87,0.5,0.7097814403,0.129612174,0.5,0.5
VS432,8,1410,176.25,1,3,0.28,0.3333333333,0.4324614833,0.1141735153,0,1
LL433,11,571,51.90909091,1,2,0.11,0.5,0.1318523827,0.02807269812,0,0.5
GO434,6,2745,457.5,3,1,1.65,0.2222222222,0.910784665,0.3089272373,1,0
CG435,20,1422,71.1,1,3,0.28,1,0.4367610176,0.04136159047,0,1
QS436,8,2082,260.25,3,2,1.25,0.3333333333,0.6732353995,0.1723399603,1,0.5
ZJ437,20,916,45.8,1,2,0.18,1,0.2554639914,0.02384241121,0,0.5
IN438,3,1248,416,3,2,0.75,0.05555555556,0.3744177714,0.2801902436,1,0.5
OT439,17,1407,82.76470588,3,2,0.84,0.8333333333,0.4313865998,0.04943890562,1,0.5
GU440,19,589,31,2,3,0.24,0.9444444444,0.138301684,0.01359403757,0.5,1
CU441,5,471,94.2,1,1,0.09,0.1666666667,0.09602293085,0.05735736283,0,0
EX442,20,2686,134.3,2,3,1.07,1,0.8896452884,0.08512491572,0.5,1
VB443,20,1458,72.9,3,3,0.87,1,0.4496596202,0.04260801429,1,1
NO444,12,1373,114.4166667,2,2,0.55,0.5555555556,0.4192045862,0.07135654889,0.5,0.5
FZ445,2,529,264.5,1,3,0.11,0,0.1168040129,0.1752829054,0,1
WF446,20,1379,68.95,3,1,0.83,1,0.4213543533,0.03987280646,1,0
YW447,11,1116,101.4545455,2,1,0.45,0.5,0.327122895,0.06238082853,0.5,0
MJ448,15,864,57.6,2,1,0.35,0.7222222222,0.2368326765,0.03201341181,0.5,0
NM449,6,2019,336.5,2,2,0.81,0.2222222222,0.6506628449,0.2251398582,0.5,0.5
ZY450,15,2336,155.7333333,2,1,0.93,0.7222222222,0.7642422071,0.09996659195,0.5,0
LK451,12,249,20.75,3,1,0.15,0.5555555556,0.01648154783,0.006496346375,1,0
VO452,13,1494,114.9230769,1,2,0.3,0.6111111111,0.4625582229,0.07170721656,0,0.5
PQ453,8,2223,277.875,2,2,0.89,0.3333333333,0.7237549265,0.1845445269,0.5,0.5
ZH454,8,2684,335.5,1,3,0.54,0.3333333333,0.8889286994,0.2244474006,0,1
AJ455,16,1608,100.5,2,1,0.64,0.7777777778,0.5034037979,0.0617198462,0.5,0
VS456,13,2809,216.0769231,3,1,1.69,0.6111111111,0.9337155142,0.141751974,1,0
VT457,5,873,174.6,1,2,0.17,0.1666666667,0.2400573271,0.1130309601,0,0.5
EN458,9,632,70.22222222,3,3,0.38,0.3888888889,0.1537083483,0.0407537665,1,1
RY459,16,2128,133,1,3,0.43,0.7777777778,0.6897169473,0.08422472074,0,1
TH460,20,2980,149,1,2,0.6,1,0.9949838767,0.09530404359,0,0.5
RV461,13,1594,122.6153846,3,3,0.96,0.6111111111,0.4983876747,0.07703381408,1,1
YG462,17,1486,87.41176471,2,2,0.59,0.8333333333,0.4596918667,0.05265679718,0.5,0.5
WV463,11,1199,109,3,3,0.72,0.5,0.35686134,0.06760573647,1,1
IR464,9,1896,210.6666667,1,3,0.38,0.3888888889,0.6065926191,0.1380056004,0,1
FC465,11,1689,153.5454545,1,1,0.34,0.5,0.5324256539,0.09845157849,0,0
UJ466,14,1713,122.3571429,1,1,0.34,0.6666666667,0.5410247223,0.07685499259,0,0
OS467,12,1704,142,1,1,0.34,0.5555555556,0.5378000717,0.09045683984,0,0
KD468,9,1204,133.7777778,1,1,0.24,0.3888888889,0.3586528126,0.08476329893,0,0
NL469,12,443,36.91666667,1,1,0.09,0.5555555556,0.08599068434,0.01769107884,0,0
RO470,5,2478,495.6,2,3,0.99,0.1666666667,0.8151200287,0.3353098748,0.5,1
HM471,11,719,65.36363636,3,2,0.43,0.5,0.1848799713,0.03738940142,1,0.5
EF472,12,2336,194.6666667,2,1,0.93,0.5555555556,0.7642422071,0.1269262776,0.5,0
DQ473,2,296,148,1,2,0.06,0,0.03332139018,0.09461158591,0,0.5
GK474,10,876,87.6,3,2,0.53,0.4444444444,0.2411322107,0.05278714215,1,0.5
RB475,8,2745,343.125,1,1,0.55,0.3333333333,0.910784665,0.2297273903,0,0
QC476,7,2293,327.5714286,1,1,0.46,0.2777777778,0.7488355428,0.2189572004,0,0
IZ477,15,2812,187.4666667,2,1,1.12,0.7222222222,0.9347903977,0.1219405823,0.5,0
PU478,6,2867,477.8333333,1,1,0.57,0.2222222222,0.9544965962,0.3230072101,0,0
AR479,12,1789,149.0833333,3,2,1.07,0.5555555556,0.5682551057,0.09536174839,1,0.5
DG480,18,1246,69.22222222,1,1,0.25,0.8888888889,0.3737011824,0.04006130883,0,0
SP481,2,309,154.5,1,1,0.06,0,0.03797921892,0.09911256082,0,0
HY482,7,1756,250.8571429,2,3,0.7,0.2777777778,0.5564313866,0.1658358042,0.5,1
RX483,8,2970,371.25,3,2,1.78,0.3333333333,0.9914009316,0.2492027625,1,0.5
XI484,12,1301,108.4166667,3,3,0.78,0.5555555556,0.3934073809,0.06720180282,1,1
OO485,10,1580,158,3,2,0.95,0.4444444444,0.4933715514,0.1015361627,1,0.5
HH486,7,1176,168,3,3,0.71,0.2777777778,0.3486205661,0.1084607395,1,1
OZ487,11,2146,195.0909091,3,3,1.29,0.5,0.6961662487,0.1272200475,1,1
MN488,12,1409,117.4166667,2,1,0.56,0.5555555556,0.4321031888,0.07343392192,0.5,0
MP489,2,1811,905.5,3,1,1.09,0,0.5761375851,0.6191482771,1,0
GW490,11,2749,249.9090909,2,3,1.1,0.5,0.9122178431,0.1651793184,0.5,1
DT491,12,1591,132.5833333,3,3,0.95,0.5555555556,0.4973127911,0.08393619671,1,1
QA492,18,916,50.88888889,2,2,0.37,0.8888888889,0.2554639914,0.02736625139,0.5,0.5
MH493,13,2804,215.6923077,2,1,1.12,0.6111111111,0.9319240416,0.1414856441,0.5,0
EO494,13,2694,207.2307692,3,3,1.62,0.6111111111,0.8925116446,0.1356263868,1,1
JC495,18,361,20.05555556,2,2,0.14,0.8888888889,0.05661053386,0.006015472987,0.5,0.5
XZ496,13,2434,187.2307692,1,3,0.49,0.6111111111,0.7993550699,0.1217772333,0,1
CO497,2,1210,605,2,2,0.48,0,0.3608025797,0.4110647448,0.5,0.5
UO498,17,656,38.58823529,1,3,0.13,0.8333333333,0.1623074167,0.01884856937,0,1
PS499,17,267,15.70588235,1,1,0.05,0.8333333333,0.02293084916,0.003003508381,0,0
AX500,7,1186,169.4285714,2,3,0.47,0.2777777778,0.3522035113,0.1094499647,0.5,1
FF501,16,1263,78.9375,3,3,0.76,0.7777777778,0.3797921892,0.04678872752,1,1
JH502,14,2680,191.4285714,1,1,0.54,0.6666666667,0.8874955213,0.1246840336,0,0
SH503,10,588,58.8,2,1,0.24,0.4444444444,0.1379433895,0.03284436103,0.5,0
KJ504,14,1978,141.2857143,2,2,0.79,0.6666666667,0.6359727696,0.08996222721,0.5,0.5
OP505,10,2917,291.7,2,3,1.17,0.4444444444,0.9724113221,0.1941177543,0.5,1
OT506,13,1419,109.1538462,1,3,0.28,0.6111111111,0.435686134,0.06771226842,0,1
IJ507,10,2489,248.9,3,1,1.49,0.4444444444,0.8190612684,0.1644805656,1,0
IJ508,12,744,62,1,1,0.15,0.5555555556,0.1938373343,0.0350602256,0,0
FZ509,3,588,196,2,3,0.24,0.05555555556,0.1379433895,0.1278495545,0.5,1
OW510,20,1957,97.85,2,1,0.78,1,0.6284485847,0.05988483335,0.5,0
MU511,7,305,43.57142857,1,1,0.06,0.2777777778,0.03654604085,0.02229921981,0,0
RW512,4,246,61.5,1,1,0.05,0.1111111111,0.01540666428,0.03471399676,0,0
LT513,18,2152,119.5555556,2,3,0.86,0.8888888889,0.6983160158,0.07491501196,0.5,1
OH514,3,484,161.3333333,3,2,0.29,0.05555555556,0.1006807596,0.103844355,1,0.5
YT515,4,281,70.25,3,3,0.17,0.1111111111,0.02794697241,0.04077300144,1,1
LO516,4,239,59.75,3,2,0.14,0.1111111111,0.01289860265,0.03350219582,1,0.5
IW517,8,1257,157.125,1,3,0.25,0.3333333333,0.3776424221,0.1009302622,0,1
RR518,15,977,65.13333333,3,3,0.59,0.7222222222,0.277319957,0.03722992632,1,1
ZM519,17,686,40.35294118,3,2,0.41,0.8333333333,0.1730562522,0.02007055351,1,0.5
IF520,18,1621,90.05555556,1,1,0.32,0.8888888889,0.5080616267,0.05448751045,0,0
NH521,13,2508,192.9230769,3,2,1.5,0.6111111111,0.8258688642,0.1257189154,1,0.5
JT522,8,2475,309.375,2,1,0.99,0.3333333333,0.8140451451,0.2063569437,0.5,0
ZC523,2,2244,1122,2,2,0.9,0,0.7312791114,0.7690653644,0.5,0.5
TV524,5,2223,444.6,1,2,0.44,0.1666666667,0.7237549265,0.2999945332,0,0.5
CR525,8,804,100.5,1,1,0.16,0.3333333333,0.2153350054,0.0617198462,0,0
CB526,3,385,128.3333333,1,2,0.08,0.05555555556,0.06520960229,0.08099325157,0,0.5
WT527,13,1564,120.3076923,2,3,0.63,0.6111111111,0.4876388391,0.07543583483,0.5,1
SB528,3,2436,812,2,1,0.97,0.05555555556,0.8000716589,0.5544034842,0.5,0
KH529,5,995,199,1,1,0.2,0.1666666667,0.2837692583,0.1299269275,0,0
CX530,19,2130,112.1052632,2,2,0.85,0.9444444444,0.6904335364,0.06975599978,0.5,0.5
AU531,13,787,60.53846154,2,2,0.31,0.6111111111,0.2092439986,0.03404817207,0.5,0.5
YW532,18,2425,134.7222222,2,3,0.97,0.8888888889,0.7961304192,0.08541728674,0.5,1
ZS533,8,955,119.375,3,3,0.57,0.3333333333,0.2694374776,0.07478998488,1,1
GO534,20,396,19.8,1,2,0.08,1,0.06915084199,0.00583851158,0,0.5
JN535,20,2418,120.9,1,2,0.48,1,0.7936223576,0.07584598283,0,0.5
HJ536,16,2162,135.125,1,1,0.43,0.7777777778,0.7018989609,0.08569619331,0,0
QM537,14,2789,199.2142857,2,2,1.12,0.6666666667,0.9265496238,0.1300753113,0.5,0.5
FF538,3,365,121.6666667,1,1,0.07,0.05555555556,0.05804371193,0.07637686705,0,0
BT539,20,1214,60.7,3,2,0.73,1,0.3622357578,0.03416003061,1,0.5
MW540,8,1655,206.875,3,1,0.99,0.3333333333,0.5202436403,0.1353800317,1,0
IZ541,12,221,18.41666667,3,2,0.13,0.5555555556,0.006449301326,0.004880611792,1,0.5
VK542,17,380,22.35294118,1,1,0.08,0.8333333333,0.0634181297,0.0076063153,0,0
FP543,20,747,37.35,2,2,0.3,1,0.1949122178,0.01799114383,0.5,0.5
SH544,18,405,22.5,2,1,0.16,0.8888888889,0.07237549265,0.007708147311,0.5,0
SJ545,16,2603,162.6875,1,1,0.52,0.7777777778,0.8599068434,0.1047820581,0,0
ZY546,15,1217,81.13333333,3,2,0.73,0.7222222222,0.3633106413,0.04830924917,1,0.5
NL547,14,696,49.71428571,3,3,0.42,0.6666666667,0.1766391974,0.02655288841,1,1
CX548,17,1055,62.05882353,2,1,0.42,0.8333333333,0.3052669294,0.0351009584,0.5,0
UE549,15,1660,110.6666667,1,3,0.33,0.7222222222,0.5220351129,0.0687598326,0,1
PX550,19,782,41.15789474,2,3,0.31,0.9444444444,0.207452526,0.02062794978,0.5,1
CY551,8,2270,283.75,2,1,0.91,0.3333333333,0.7405947689,0.1886127157,0.5,0
WH552,12,1586,132.1666667,1,3,0.32,0.5555555556,0.4955213185,0.08364767267,0,1
UU553,6,1917,319.5,3,3,1.15,0.2222222222,0.614116804,0.2133680777,1,1
VH554,8,535,66.875,1,1,0.11,0.3333333333,0.11895378,0.03843595678,0,0
XD555,12,1982,165.1666667,1,1,0.4,0.5555555556,0.6374059477,0.1064987761,0,0
JB556,10,2964,296.4,3,3,1.78,0.4444444444,0.9892511645,0.1973723053,1,1
BB557,20,1745,87.25,2,2,0.7,1,0.5524901469,0.05254478197,0.5,0.5
QD558,2,1780,890,1,1,0.36,0,0.565030455,0.608415183,0,0
YK559,14,2102,150.1428571,1,2,0.42,0.6666666667,0.6804012899,0.09609542379,0,0.5
WJ560,8,2302,287.75,1,2,0.46,0.3333333333,0.7520601935,0.1913825464,0,0.5
BS561,15,374,24.93333333,2,2,0.15,0.7222222222,0.06126836259,0.009393127661,0.5,0.5
MP562,5,387,77.4,2,3,0.15,0.1666666667,0.06592619133,0.04572407384,0.5,1
VS563,2,1710,855,1,1,0.34,0,0.5399498388,0.5841791643,0,0
TT564,13,1094,84.15384615,2,1,0.44,0.6111111111,0.3192404156,0.05040082646,0.5,0
IQ565,5,2649,529.8,3,3,1.59,0.1666666667,0.8763883913,0.3589919274,1,1
FU566,2,2191,1095.5,3,3,1.31,0,0.712289502,0.7507152359,1,1
JN567,5,359,71.8,1,3,0.07,0.1666666667,0.05589394482,0.04184631084,0,1
NP568,10,1449,144.9,2,1,0.58,0.4444444444,0.4464349695,0.09246496711,0.5,0
VL569,14,1183,84.5,1,2,0.24,0.6666666667,0.3511286277,0.05064052335,0,0.5
ZY570,6,2621,436.8333333,2,2,1.05,0.2222222222,0.8663561448,0.2946164453,0.5,0.5
JZ571,12,336,28,2,3,0.13,0.5555555556,0.04765317091,0.01151666454,0.5,1
EY572,9,496,55.11111111,3,3,0.3,0.3888888889,0.1049802938,0.03028996159,1,1
YN573,18,1290,71.66666667,1,1,0.26,0.8888888889,0.3894661412,0.04175398315,0,0
ZV574,14,2844,203.1428571,2,3,1.14,0.6666666667,0.9462558223,0.1327956807,0.5,1
EN575,7,1539,219.8571429,2,1,0.62,0.2777777778,0.4786814762,0.1443696162,0.5,0
AA576,12,1098,91.5,2,2,0.44,0.5555555556,0.3206735937,0.0554877271,0.5,0.5
JU577,10,1027,102.7,2,3,0.41,0.4444444444,0.2952346829,0.06324325309,0.5,1
BG578,11,2966,269.6363636,3,1,1.78,0.5,0.9899677535,0.1788396198,1,0
OD579,17,2981,175.3529412,3,3,1.79,0.8333333333,0.9953421713,0.11355234,1,1
XL580,12,2014,167.8333333,1,3,0.4,0.5555555556,0.6488713723,0.1083453299,0,1
VM581,19,1625,85.52631579,1,3,0.33,0.9444444444,0.5094948047,0.0513512036,0,1
DU582,3,2517,839,2,3,1.01,0.05555555556,0.8290935149,0.5730998415,0.5,1
FN583,3,919,306.3333333,2,1,0.37,0.05555555556,0.256538875,0.2042507183,0.5,0
DT584,12,393,32.75,3,1,0.24,0.5555555556,0.06807595844,0.01480583851,1,0
MH585,9,2934,326,3,1,1.76,0.3888888889,0.9785023289,0.2178690526,1,0
ZP586,7,2120,302.8571429,2,1,0.85,0.2777777778,0.6868505912,0.2018436035,0.5,0
OD587,8,768,96,1,1,0.15,0.3333333333,0.2024364027,0.05860378665,0,0
VC588,19,1480,77.89473684,2,3,0.59,0.9444444444,0.4575420996,0.04606665816,0.5,1
AS589,20,2162,108.1,3,2,1.3,1,0.7018989609,0.06698252455,1,0.5
PT590,5,464,92.8,3,3,0.28,0.1666666667,0.09351486922,0.05638792208,1,1
VW591,7,1129,161.2857143,2,1,0.45,0.2777777778,0.3317807238,0.1038113808,0.5,0
OC592,3,2284,761.3333333,2,3,0.91,0.05555555556,0.7456108922,0.5193189618,0.5,1
YU593,2,1598,799,3,2,0.96,0,0.4998208527,0.5454015343,1,0.5
MA594,3,589,196.3333333,1,2,0.12,0.05555555556,0.138301684,0.1280803737,0,0.5
YZ595,4,1393,348.25,2,2,0.56,0.1111111111,0.4263704765,0.2332762359,0.5,0.5
ED596,12,1397,116.4166667,2,2,0.56,0.5555555556,0.4278036546,0.07274146424,0.5,0.5
BN597,16,959,59.9375,2,2,0.38,0.7777777778,0.2708706557,0.03363203163,0.5,0.5
ES598,2,636,318,1,2,0.13,0,0.1551415263,0.2123293912,0,0.5
YX599,6,1947,324.5,1,3,0.39,0.2222222222,0.6248656396,0.2168303661,0,1
OL600,12,353,29.41666667,1,1,0.07,0.5555555556,0.05374417771,0.01249764625,0,0
FI601,19,613,32.26315789,1,2,0.12,0.9444444444,0.1469007524,0.01446872096,0,0.5
CU602,9,738,82,3,1,0.44,0.3888888889,0.1916875672,0.04890937916,1,0
LX603,8,1879,234.875,3,2,1.13,0.3333333333,0.6005016123,0.1547688467,1,0.5
QI604,19,2722,143.2631579,2,3,1.09,0.9444444444,0.9025438911,0.09133152322,0.5,1
RY605,5,2303,460.6,2,2,0.92,0.1666666667,0.752418488,0.3110738561,0.5,0.5
UX606,12,2200,183.3333333,2,3,0.88,0.5555555556,0.7155141526,0.1190784239,0.5,1
WJ607,15,2253,150.2,3,3,1.35,0.7222222222,0.7345037621,0.0961349928,1,1
GU608,16,546,34.125,1,1,0.11,0.7777777778,0.1228950197,0.01575796782,0,0
KJ609,11,1297,117.9090909,3,1,0.78,0.5,0.3919742028,0.07377490487,1,0
RR610,15,1016,67.73333333,3,3,0.61,0.7222222222,0.2912934432,0.03903031628,1,1
ZS611,6,1648,274.6666667,1,3,0.33,0.2222222222,0.5177355786,0.1823228918,0,1
YL612,10,1095,109.5,1,1,0.22,0.4444444444,0.3195987101,0.0679519653,0,0
SJ613,13,1507,115.9230769,1,1,0.3,0.6111111111,0.4672160516,0.07239967424,0,0
WL614,13,879,67.61538462,2,1,0.35,0.6111111111,0.2422070942,0.03894864179,0.5,0
LW615,12,611,50.91666667,2,1,0.24,0.5555555556,0.1461841634,0.02738548633,0.5,0
VA616,12,1668,139,2,3,0.67,0.5555555556,0.524901469,0.08837946681,0.5,1
SF617,18,1568,87.11111111,3,2,0.94,0.8888888889,0.4890720172,0.05244860729,1,0.5
IF618,6,1612,268.6666667,1,3,0.32,0.2222222222,0.504836976,0.1781681457,0,1
BS619,20,693,34.65,1,3,0.14,1,0.1755643139,0.0161215081,0,1
UG620,8,1364,170.5,2,1,0.55,0.3333333333,0.4159799355,0.1101918837,0.5,0
CI621,14,640,45.71428571,2,2,0.26,0.6666666667,0.1565747044,0.0237830577,0.5,0.5
PX622,5,1125,225,2,3,0.45,0.1666666667,0.3303475457,0.1479308271,0.5,1
AO623,6,1213,202.1666667,3,3,0.73,0.2222222222,0.3618774633,0.1321197101,1,1
EE624,16,2054,128.375,1,1,0.41,0.7777777778,0.663203153,0.08102210398,0,0
KC625,19,1983,104.3684211,2,2,0.79,0.9444444444,0.6377642422,0.06439856406,0.5,0.5
NS626,4,2310,577.5,3,1,1.39,0.1111111111,0.7549265496,0.3920221586,1,0
NX627,13,1156,88.92307692,3,2,0.69,0.6111111111,0.3414546757,0.05370331693,1,0.5
GD628,6,519,86.5,2,2,0.21,0.2222222222,0.1132210677,0.05202543871,0.5,0.5
RH629,14,2226,159,1,1,0.45,0.6666666667,0.7248298101,0.1022286204,0,0
FF630,15,618,41.2,3,1,0.37,0.7222222222,0.148692225,0.02065710589,1,0
ZV631,11,1825,165.9090909,1,2,0.37,0.5,0.5811537083,0.1070128734,0,0.5
HC632,8,2484,310.5,2,1,0.99,0.3333333333,0.8172697958,0.2071359586,0.5,0
AB633,7,2757,393.8571429,3,2,1.65,0.2777777778,0.9150841992,0.2648572522,1,0.5
MB634,11,1997,181.5454545,2,2,0.8,0.5,0.6427803655,0.1178403935,0.5,0.5
RY635,20,492,24.6,3,1,0.3,1,0.1035471157,0.009162308435,1,0
JA636,2,1884,942,3,3,1.13,0,0.6022930849,0.6444229823,1,1
WN637,15,1511,100.7333333,1,3,0.3,0.7222222222,0.4686492297,0.06188141966,0,1
NL638,14,1720,122.8571429,3,1,1.03,0.6666666667,0.5435327839,0.07720122143,1,0
SP639,2,2714,1357,2,3,1.09,0,0.8996775349,0.9317929187,0.5,1
IF640,20,1335,66.75,3,2,0.8,1,0.4055893945,0.03834939957,1,0.5
US641,3,1487,495.6666667,2,1,0.59,0.05555555556,0.4600501612,0.3353560387,0.5,0
BR642,10,1588,158.8,2,3,0.64,0.4444444444,0.4962379076,0.1020901288,0.5,1
SB643,6,1553,258.8333333,3,1,0.93,0.2222222222,0.4836975994,0.1713589786,1,0
OA644,5,900,180,2,1,0.36,0.1666666667,0.2497312791,0.1167702316,0.5,0
UF645,7,1364,194.8571429,3,2,0.82,0.2777777778,0.4159799355,0.1270581743,1,0.5
DZ646,16,1589,99.3125,1,1,0.32,0.7777777778,0.4965962021,0.06089755271,0,0
HI647,11,567,51.54545455,1,1,0.11,0.5,0.1304192046,0.02782089532,0,0
ER648,14,1060,75.71428571,1,2,0.21,0.6666666667,0.307058402,0.04455678804,0,0.5
YR649,12,2021,168.4166667,3,1,1.21,0.5555555556,0.6513794339,0.1087492635,1,0
MF650,15,1632,108.8,3,1,0.98,0.7222222222,0.5120028664,0.06746724493,1,0
MC651,14,1147,81.92857143,3,2,0.69,0.6666666667,0.3382300251,0.04885991789,1,0.5
CK652,11,1140,103.6363636,3,3,0.68,0.5,0.3357219635,0.06389164528,1,1
RE653,12,1776,148,2,1,0.71,0.5555555556,0.563597277,0.09461158591,0.5,0
FR654,10,2964,296.4,1,1,0.59,0.4444444444,0.9892511645,0.1973723053,0,0
XO655,2,2189,1094.5,3,1,1.31,0,0.7115729129,0.7500227782,1,0
BS656,3,964,321.3333333,1,2,0.19,0.05555555556,0.2726621283,0.2146375834,0,0.5
YD657,17,763,44.88235294,1,2,0.15,0.8333333333,0.2006449301,0.02320697946,0,0.5
WY658,8,551,68.875,2,1,0.22,0.3333333333,0.1246864923,0.03982087213,0.5,0
RB659,19,613,32.26315789,2,2,0.25,0.9444444444,0.1469007524,0.01446872096,0.5,0.5
DE660,7,2280,325.7142857,1,1,0.46,0.2777777778,0.7441777141,0.2176712076,0,0
WD661,18,647,35.94444444,2,2,0.26,0.8888888889,0.159082766,0.01701785609,0.5,0.5
PD662,10,1527,152.7,1,2,0.31,0.4444444444,0.474381942,0.097866137,0,0.5
PK663,8,982,122.75,3,1,0.59,0.3333333333,0.2791114296,0.07712702954,1,0
IG664,13,2380,183.0769231,1,1,0.48,0.6111111111,0.7800071659,0.1189008706,0,0
FU665,9,1478,164.2222222,2,2,0.59,0.3888888889,0.4568255106,0.1058447882,0.5,0.5
TJ666,20,2986,149.3,1,2,0.6,1,0.9971336439,0.09551178089,0,0.5
GE667,11,1374,124.9090909,1,1,0.27,0.5,0.4195628807,0.07862210862,0,0
BB668,18,471,26.16666667,3,1,0.28,0.8888888889,0.09602293085,0.0102471588,1,0
LY669,7,1221,174.4285714,2,3,0.49,0.2777777778,0.3647438194,0.1129122531,0.5,1
TE670,6,1666,277.6666667,2,1,0.67,0.2222222222,0.52418488,0.1844002648,0.5,0
UQ671,15,2807,187.1333333,1,3,0.56,0.7222222222,0.9329989251,0.121709763,0,1
ES672,18,2629,146.0555556,3,3,1.58,0.8888888889,0.8692225009,0.09326514043,1,1
QC673,13,1079,83,2,2,0.43,0.6111111111,0.3138659979,0.04960183684,0.5,0.5
VK674,12,789,65.75,2,2,0.32,0.5555555556,0.2099605876,0.03765694189,0.5,0.5
IM675,20,2386,119.3,2,2,0.95,1,0.782156933,0.07473805055,0.5,0.5
JD676,10,256,25.6,3,2,0.15,0.4444444444,0.01898960946,0.009854766113,1,0.5
WO677,19,2646,139.2631579,3,3,1.59,0.9444444444,0.8753135077,0.08856169251,1,1
WK678,6,1132,188.6666667,2,2,0.45,0.2222222222,0.3328556073,0.1227715315,0.5,0.5
IF679,6,826,137.6666667,2,2,0.33,0.2222222222,0.2232174848,0.0874561899,0.5,0.5
CG680,3,2440,813.3333333,1,3,0.49,0.05555555556,0.801504837,0.5553267611,0,1
RT681,7,1656,236.5714286,3,1,0.99,0.2777777778,0.5206019348,0.1559435517,1,0
FS682,10,1962,196.2,2,1,0.78,0.4444444444,0.6302400573,0.127988046,0.5,0
LK683,3,288,96,3,3,0.17,0.05555555556,0.03045503404,0.05860378665,1,1
WY684,10,1441,144.1,2,1,0.58,0.4444444444,0.4435686134,0.09191100097,0.5,0
RN685,10,1239,123.9,2,1,0.5,0.4444444444,0.3711931207,0.07792335587,0.5,0
VW686,11,617,56.09090909,3,3,0.37,0.5,0.1483339305,0.03096843022,1,1
DB687,4,1318,329.5,2,1,0.53,0.1111111111,0.3994983877,0.2202926545,0.5,0
UB688,16,1818,113.625,2,1,0.73,0.7777777778,0.5786456467,0.07080835323,0.5,0
PS689,3,1042,347.3333333,2,2,0.42,0.05555555556,0.3006091007,0.2326414831,0.5,0.5
VR690,18,1449,80.5,2,1,0.58,0.8888888889,0.4464349695,0.04787069264,0.5,0
VN691,13,2128,163.6923077,2,3,0.85,0.6111111111,0.6897169473,0.1054778449,0.5,1
KV692,19,685,36.05263158,1,2,0.14,0.9444444444,0.1726979577,0.01709277111,0,0.5
FG693,6,2723,453.8333333,1,2,0.54,0.2222222222,0.9029021856,0.3063882258,0,0.5
TA694,12,2556,213,3,1,1.53,0.5555555556,0.8430670011,0.139621335,1,0
PU695,15,1480,98.66666667,1,1,0.3,0.7222222222,0.4575420996,0.06045034046,0,0
VY696,18,2060,114.4444444,2,1,0.82,0.8888888889,0.6653529201,0.07137578382,0.5,0
YH697,20,1760,88,1,1,0.35,1,0.5578645647,0.05306412523,0,0
DJ698,3,1291,430.3333333,2,3,0.52,0.05555555556,0.3898244357,0.2901154704,0.5,1
OX699,3,2483,827.6666667,2,2,0.99,0.05555555556,0.8169115013,0.5652519878,0.5,0.5
TH700,10,631,63.1,1,3,0.13,0.4444444444,0.1533500537,0.03582192904,0,1
BK701,15,1605,107,2,1,0.64,0.7222222222,0.5023289144,0.06622082111,0.5,0
NL702,7,560,80,1,1,0.11,0.2777777778,0.127911143,0.0475244638,0,0
IZ703,2,2984,1492,1,2,0.6,0,0.9964170548,1.025274705,0,0.5
YG704,8,1485,185.625,2,3,0.59,0.3333333333,0.4593335722,0.120665306,0.5,1
ZR705,16,459,28.6875,2,1,0.18,0.7777777778,0.09172339663,0.01199272919,0.5,0
CL706,17,683,40.17647059,1,3,0.14,0.8333333333,0.1719813687,0.01994835509,0,1
QV707,19,664,34.94736842,2,1,0.27,0.9444444444,0.1651737728,0.01632742315,0.5,0
GG708,13,514,39.53846154,2,2,0.21,0.6111111111,0.1114295951,0.01950656083,0.5,0.5
TK709,8,2182,272.75,3,1,1.31,0.3333333333,0.7090648513,0.1809956813,1,0
RF710,5,809,161.8,1,3,0.16,0.1666666667,0.217126478,0.1041675019,0,1
NE711,2,2928,1464,1,1,0.59,0,0.9763525618,1.00588589,0,0
DC712,6,1179,196.5,2,2,0.47,0.2222222222,0.3496954497,0.1281957833,0.5,0.5
WS713,16,1878,117.375,2,2,0.75,0.7777777778,0.6001433178,0.07340506952,0.5,0.5
NU714,17,386,22.70588235,1,3,0.08,0.8333333333,0.06556789681,0.007850712127,0,1
PA715,7,2809,401.2857143,1,2,0.56,0.2777777778,0.9337155142,0.2700012235,0,0.5
MK716,15,1685,112.3333333,3,2,1.01,0.7222222222,0.5309924758,0.06991392873,1,0.5
GY717,12,2332,194.3333333,3,1,1.4,0.5555555556,0.762809029,0.1266954583,1,0
YV718,14,2588,184.8571429,1,1,0.52,0.6666666667,0.8545324257,0.1201335975,0,0
HP719,15,2544,169.6,3,2,1.53,0.7222222222,0.8387674669,0.1095686718,1,0.5
CN720,13,1331,102.3846154,1,1,0.27,0.6111111111,0.4041562164,0.06302486259,0,0
NE721,18,1238,68.77777778,2,3,0.5,0.8888888889,0.3708348262,0.03975354986,0.5,1
OD722,12,2278,189.8333333,1,2,0.46,0.5555555556,0.743461125,0.1235793988,0,0.5
LA723,15,1947,129.8,2,3,0.78,0.7222222222,0.6248656396,0.08200885617,0.5,1
UQ724,13,582,44.76923077,2,2,0.23,0.6111111111,0.1357936224,0.02312864714,0.5,0.5
NT725,6,1984,330.6666667,2,1,0.79,0.2222222222,0.6381225367,0.2211005218,0.5,0
HV726,15,298,19.86666667,2,1,0.12,0.7222222222,0.03403797922,0.005884675426,0.5,0
BR727,12,1884,157,1,2,0.38,0.5555555556,0.6022930849,0.100843705,0,0.5
TK728,6,254,42.33333333,3,2,0.15,0.2222222222,0.01827302042,0.02144189126,1,0.5
BD729,15,2922,194.8,3,3,1.75,0.7222222222,0.9742027947,0.1270186052,1,1
PO730,20,2279,113.95,1,1,0.46,1,0.7438194196,0.07103340197,0,0
YP731,7,2664,380.5714286,1,3,0.53,0.2777777778,0.881762809,0.2556574573,0,1
TD732,8,1197,149.625,2,2,0.48,0.3333333333,0.356144751,0.09573682964,0.5,0.5
YA733,15,814,54.26666667,2,2,0.33,0.7222222222,0.2189179506,0.02970521955,0.5,0.5
LA734,2,2760,1380,1,1,0.55,0,0.9161590828,0.9477194453,0,0
BT735,4,2666,666.5,1,2,0.53,0.1111111111,0.8824793981,0.453650892,0,0.5
AD736,20,470,23.5,1,1,0.09,1,0.09566463633,0.008400604989,0,0
HS737,18,1118,62.11111111,3,1,0.67,0.8888888889,0.3278394841,0.03513716534,1,0
MT738,7,839,119.8571429,3,3,0.5,0.2777777778,0.2278753135,0.0751238484,1,1
BY739,12,828,69,2,3,0.33,0.5555555556,0.2239340738,0.03990742934,0.5,1
KZ740,12,1354,112.8333333,1,1,0.27,0.5555555556,0.4123969903,0.07026015756,0,0